{
    "controller_type": "PIDF_Decentralized",
    "description": "FSM PIDF controller gains for DigitalTwinRunner integration",
    "design_bandwidth_hz": 150.0,
    "phase_margin_deg": 92.03187507157574,
    "pi_controller": {
        "Kp_tip": 9775.184141488076,
        "Ki_tip": 921289.4005915916,
        "Kp_tilt": 9775.184141488076,
        "Ki_tilt": 921289.4005915916,
        "crossover_freq_hz": 150.0,
        "phase_margin_deg": 263.93772362998584
    },
    "pidf_controller": {
        "Kp_tip": 279.3535375291746,
        "Ki_tip": 923018.63630649,
        "Kd_tip": 0.0,
        "Kp_tilt": 279.3535375291746,
        "Ki_tilt": 923018.63630649,
        "Kd_tilt": 0.0,
        "N_tip": 10.0,
        "N_tilt": 10.0,
        "notch": {
            "f_center_hz": 1000.0,
            "zeta_zero": 0.005,
            "zeta_pole": 0.707
        },
        "crossover_freq_hz": 150.0,
        "phase_margin_deg": 92.03187507157574,
        "gain_margin_db": 12.22956810424369
    },
    "usage_notes": [
        "Use PI controller for baseline performance",
        "Use PIDF controller for high-bandwidth operation",
        "Derivative filter N prevents QPD noise amplification",
        "Gains tuned for 150 Hz bandwidth with 45\u00b0 phase margin"
    ]
}