{
    "controller_type": "PIDF_Decentralized",
    "description": "FSM PIDF controller gains for DigitalTwinRunner integration",
    "design_bandwidth_hz": 300.0,
    "phase_margin_deg": 290.0989530888155,
    "pi_controller": {
        "Kp_tip": 9100.79117439797,
        "Ki_tip": 1715458.721720609,
        "Kp_tilt": 9100.79117439797,
        "Ki_tilt": 1715458.721720609,
        "crossover_freq_hz": 300.0,
        "phase_margin_deg": 263.53390191173753
    },
    "pidf_controller": {
        "Kp_tip": 9100.79117439797,
        "Ki_tip": 1715458.721720609,
        "Kd_tip": 2.4140598357542205,
        "Kp_tilt": 9100.79117439797,
        "Ki_tilt": 1715458.721720609,
        "Kd_tilt": 2.4140598357542205,
        "N_tip": 15.0,
        "N_tilt": 15.0,
        "crossover_freq_hz": 300.0,
        "phase_margin_deg": 290.0989530888155
    },
    "usage_notes": [
        "Use PI controller for baseline performance",
        "Use PIDF controller for high-bandwidth operation",
        "Derivative filter N prevents QPD noise amplification",
        "Gains tuned for 150 Hz bandwidth with 45\u00b0 phase margin"
    ]
}