{
    "controller_type": "PIDF_Decentralized",
    "description": "FSM PIDF controller gains for DigitalTwinRunner integration",
    "design_bandwidth_hz": 350.0,
    "phase_margin_deg": 83.26066254936268,
    "pi_controller": {
        "Kp_tip": 9775.184141488076,
        "Ki_tip": 921289.4005915916,
        "Kp_tilt": 9775.184141488076,
        "Ki_tilt": 921289.4005915916,
        "crossover_freq_hz": 150.0,
        "phase_margin_deg": 263.93772362998584
    },
    "pidf_controller": {
        "Kp_tip": 7219.08812274823,
        "Ki_tip": 7937801.974215108,
        "Kd_tip": 2.735603712741362,
        "Kp_tilt": 7219.08812274823,
        "Ki_tilt": 7937801.974215108,
        "Kd_tilt": 2.735603712741362,
        "N_tip": 20.0,
        "N_tilt": 20.0,
        "notch": {
            "f_center_hz": 1000.0,
            "zeta_zero": 0.005,
            "zeta_pole": 0.3
        },
        "crossover_freq_hz": 350.0,
        "phase_margin_deg": 83.26066254936268,
        "gain_margin_db": 249.91205041743316
    },
    "usage_notes": [
        "Use PI controller for baseline performance",
        "Use PIDF controller for high-bandwidth operation",
        "Derivative filter N prevents QPD noise amplification",
        "Gains tuned for 150 Hz bandwidth with 45\u00b0 phase margin"
    ]
}